{"cameraMode":{"drawMode":0,"name":"Shaded","section":"Shading Mode"},"sceneLighting":true,"audioPlay":false,"sceneViewState":{"showFog":true,"showMaterialUpdate":false,"showSkybox":true,"showFlares":true,"showImageEffects":true,"showParticleSystems":true},"in2DMode":false,"pivot":{"x":-9.060383796691895,"y":-8.805561065673829,"z":-13.27374267578125},"rotation":{"x":-0.08765136450529099,"y":0.9032084941864014,"z":-0.22189147770404817,"w":-0.3567855656147003},"size":29.51102066040039,"orthographic":false}